-- phpMyAdmin SQL Dump
-- version 4.8.5
-- https://www.phpmyadmin.net/
--
-- Хост: localhost:3306
-- Время создания: Июн 16 2019 г., 22:35
-- Версия сервера: 10.1.40-MariaDB-cll-lve
-- Версия PHP: 7.2.7

SET SQL_MODE = "NO_AUTO_VALUE_ON_ZERO";
SET AUTOCOMMIT = 0;
START TRANSACTION;
SET time_zone = "+00:00";


/*!40101 SET @OLD_CHARACTER_SET_CLIENT=@@CHARACTER_SET_CLIENT */;
/*!40101 SET @OLD_CHARACTER_SET_RESULTS=@@CHARACTER_SET_RESULTS */;
/*!40101 SET @OLD_COLLATION_CONNECTION=@@COLLATION_CONNECTION */;
/*!40101 SET NAMES utf8mb4 */;

--
-- База данных: `hworknet_test`
--

-- --------------------------------------------------------

--
-- Структура таблицы `english`
--

CREATE TABLE `english` (
  `d` datetime NOT NULL,
  `b` varchar(10) NOT NULL
) ENGINE=MyISAM DEFAULT CHARSET=utf8;

--
-- Дамп данных таблицы `english`
--

INSERT INTO `english` (`d`, `b`) VALUES
('2018-04-16 22:21:03', 'start'),
('2018-04-16 22:21:10', 'start'),
('2018-04-16 22:21:17', 'start'),
('2018-04-17 00:25:10', 'end'),
('2018-04-17 19:55:46', 'start'),
('2018-04-17 20:36:58', 'end'),
('2018-04-17 20:58:18', 'start'),
('2018-04-17 21:59:31', 'end'),
('2018-04-17 22:09:52', 'start'),
('2018-04-17 22:58:31', 'end'),
('2018-04-18 17:19:07', 'start'),
('2018-04-18 17:31:45', 'end'),
('2018-04-18 18:29:11', 'start'),
('2018-04-18 19:13:38', 'end'),
('2018-04-18 19:34:49', 'start'),
('2018-04-18 20:41:27', 'end'),
('2018-04-18 20:47:20', 'start'),
('2018-04-18 21:27:21', 'end'),
('2018-04-19 19:03:06', 'start'),
('2018-04-19 19:36:34', 'end'),
('2018-04-19 21:44:58', 'start'),
('2018-04-19 23:17:56', 'end'),
('2018-04-20 22:01:23', 'start'),
('2018-04-20 23:56:56', 'end'),
('2018-04-23 00:17:37', 'start'),
('2018-04-23 00:38:23', 'end'),
('2018-04-23 07:49:50', 'start'),
('2018-04-23 08:10:49', 'end'),
('2018-04-23 18:01:51', 'start'),
('2018-04-23 18:47:05', 'end'),
('2018-04-23 20:47:30', 'start'),
('2018-04-23 22:10:28', 'end'),
('2018-04-24 18:44:02', 'start'),
('2018-04-24 19:11:16', 'end'),
('2018-04-24 21:02:52', 'start'),
('2018-04-24 22:50:56', 'end'),
('2018-04-25 22:12:13', 'start'),
('2018-04-26 00:37:18', 'end'),
('2018-04-26 21:35:53', 'start'),
('2018-04-26 22:22:10', 'end'),
('2018-04-26 23:05:34', 'start'),
('2018-04-27 00:20:41', 'end'),
('2018-04-27 21:12:17', 'start'),
('2018-04-28 00:00:47', 'end'),
('2018-04-28 13:50:17', 'start'),
('2018-04-28 14:46:36', 'end'),
('2018-04-28 14:51:59', 'start'),
('2018-04-28 15:14:09', 'end'),
('2018-04-28 23:26:31', 'start'),
('2018-04-29 00:34:22', 'end'),
('2018-04-29 17:22:10', 'start'),
('2018-04-29 18:58:42', 'end'),
('2018-04-29 22:47:48', 'start'),
('2018-04-29 23:17:15', 'end'),
('2018-04-30 17:07:19', 'start'),
('2018-04-30 18:13:54', 'end'),
('2018-04-30 18:48:19', 'start'),
('2018-04-30 19:34:53', 'end'),
('2018-04-30 22:53:15', 'start'),
('2018-04-30 23:14:58', 'end'),
('2018-05-01 22:02:35', 'start'),
('2018-05-01 22:15:14', 'end'),
('2018-05-02 00:05:10', 'start'),
('2018-05-02 00:28:22', 'end'),
('2018-05-02 20:09:20', 'start'),
('2018-05-02 20:34:45', 'end'),
('2018-05-02 20:52:20', 'start'),
('2018-05-02 22:20:58', 'end'),
('2018-05-03 00:09:04', 'start'),
('2018-05-03 00:22:35', 'end'),
('2018-05-03 21:28:49', 'start'),
('2018-05-03 22:37:52', 'end'),
('2018-05-03 22:39:25', 'start'),
('2018-05-03 22:53:30', 'end'),
('2018-05-03 23:37:29', 'start'),
('2018-05-04 00:20:51', 'end'),
('2018-05-04 22:04:18', 'start'),
('2018-05-05 00:07:29', 'end'),
('2018-05-05 15:56:24', 'start'),
('2018-05-05 16:13:34', 'end'),
('2018-05-05 22:46:17', 'start'),
('2018-05-06 00:45:49', 'end'),
('2018-05-06 22:11:46', 'start'),
('2018-05-06 23:20:52', 'end'),
('2018-05-06 23:26:00', 'start'),
('2018-05-07 00:12:25', 'end'),
('2018-05-07 00:12:44', 'start'),
('2018-05-07 00:19:47', 'end'),
('2018-05-07 23:03:15', 'start'),
('2018-05-07 23:27:47', 'end'),
('2018-05-08 20:39:31', 'start'),
('2018-05-08 20:39:32', 'start'),
('2018-05-08 21:42:54', 'end'),
('2018-05-08 22:51:06', 'start'),
('2018-05-08 23:52:32', 'end'),
('2018-05-09 20:37:40', 'start'),
('2018-05-09 21:42:44', 'end'),
('2018-05-09 21:56:38', 'start'),
('2018-05-09 22:28:45', 'end'),
('2018-05-10 22:46:53', 'start'),
('2018-05-11 06:02:30', 'end'),
('2018-05-11 23:10:29', 'start'),
('2018-05-12 00:01:43', 'end'),
('2018-05-28 16:45:41', 'start'),
('2018-05-28 19:12:46', 'end'),
('2018-11-25 22:08:56', 'end'),
('2018-11-25 22:08:58', 'end');

-- --------------------------------------------------------

--
-- Структура таблицы `lessons`
--

CREATE TABLE `lessons` (
  `k` int(11) NOT NULL,
  `subject` int(11) NOT NULL,
  `theme` int(11) NOT NULL,
  `date_start` datetime NOT NULL DEFAULT CURRENT_TIMESTAMP,
  `date_end` datetime NOT NULL,
  `active` tinyint(1) NOT NULL,
  `user` int(11) NOT NULL DEFAULT '1'
) ENGINE=MyISAM DEFAULT CHARSET=utf8;

--
-- Дамп данных таблицы `lessons`
--

INSERT INTO `lessons` (`k`, `subject`, `theme`, `date_start`, `date_end`, `active`, `user`) VALUES
(124, 2, 48, '2018-11-06 21:41:05', '2018-11-06 22:35:59', 0, 1),
(123, 2, 46, '2018-11-06 21:23:57', '2018-11-06 21:40:30', 0, 1),
(122, 3, 55, '2018-11-05 20:53:40', '2018-11-05 21:16:39', 0, 1),
(121, 2, 54, '2018-11-05 20:09:31', '2018-11-05 20:53:19', 0, 1),
(116, 3, 51, '2018-11-03 20:37:00', '2018-11-03 21:30:33', 0, 1),
(117, 3, 52, '2018-11-04 21:26:30', '2018-11-04 22:26:03', 0, 1),
(118, 2, 53, '2018-11-04 22:29:34', '2018-11-04 22:45:03', 0, 1),
(113, 3, 50, '2018-11-01 17:04:51', '2018-11-01 18:02:10', 0, 1),
(82, 3, 35, '2018-10-24 22:34:06', '2018-10-24 22:44:35', 0, 1),
(112, 4, 49, '2018-11-01 15:43:08', '2018-11-01 15:59:25', 0, 1),
(81, 3, 35, '2018-10-24 22:14:23', '2018-10-24 22:29:56', 0, 1),
(80, 2, 34, '2018-10-22 19:47:55', '2018-10-22 20:20:46', 0, 1),
(111, 4, 49, '2018-10-31 19:55:49', '2018-10-31 21:40:48', 0, 1),
(78, 3, 33, '2018-10-22 17:15:32', '2018-10-22 17:47:58', 0, 1),
(110, 4, 49, '2018-10-31 18:03:25', '2018-10-31 18:33:53', 0, 1),
(109, 4, 40, '2018-10-31 17:20:17', '2018-10-31 17:43:58', 0, 1),
(108, 4, 40, '2018-10-31 16:52:28', '2018-10-31 16:56:22', 0, 1),
(105, 2, 48, '2018-10-30 15:37:37', '2018-10-30 15:47:50', 0, 1),
(104, 2, 47, '2018-10-30 10:55:39', '2018-10-30 11:19:11', 0, 1),
(97, 2, 43, '2018-10-29 20:18:44', '2018-10-29 20:57:54', 0, 1),
(103, 2, 46, '2018-10-30 09:57:50', '2018-10-30 10:16:11', 0, 1),
(90, 3, 41, '2018-10-28 20:11:36', '2018-10-28 20:24:34', 0, 1),
(89, 4, 40, '2018-10-28 19:16:51', '2018-10-28 20:08:36', 0, 1),
(76, 3, 32, '2018-10-21 22:36:55', '2018-10-21 23:22:24', 0, 1),
(88, 2, 39, '2018-10-28 15:31:53', '2018-10-28 16:40:49', 0, 1),
(87, 2, 38, '2018-10-28 14:29:14', '2018-10-28 14:52:50', 0, 1),
(86, 2, 38, '2018-10-27 21:45:58', '2018-10-27 22:15:39', 0, 1),
(85, 4, 37, '2018-10-26 19:36:37', '2018-10-26 22:01:49', 0, 1),
(84, 4, 37, '2018-10-25 19:43:11', '2018-10-25 21:13:35', 0, 1),
(83, 2, 36, '2018-10-24 22:45:23', '2018-10-24 23:03:30', 0, 1),
(64, 3, 29, '2018-10-17 20:29:33', '2018-10-17 22:29:01', 0, 1),
(100, 2, 44, '2018-10-29 22:03:31', '2018-10-29 22:37:59', 0, 1),
(74, 4, 31, '2018-10-19 22:45:43', '2018-10-19 23:30:00', 0, 1),
(125, 4, 56, '2018-11-06 22:51:56', '2018-11-06 23:12:49', 0, 1),
(126, 2, 54, '2018-11-07 21:03:04', '2018-11-07 22:03:23', 0, 1),
(127, 4, 31, '2018-11-08 22:21:54', '2018-11-08 23:16:16', 0, 1),
(130, 4, 31, '2018-11-09 20:46:22', '2018-11-09 23:13:22', 0, 1),
(131, 2, 53, '2018-11-10 22:29:40', '2018-11-10 22:56:27', 0, 1),
(132, 3, 52, '2018-11-11 18:17:14', '2018-11-11 19:07:19', 0, 1),
(133, 3, 57, '2018-11-12 10:35:57', '2018-11-12 10:49:39', 0, 1),
(135, 2, 28, '2018-11-12 20:32:52', '2018-11-12 20:57:16', 0, 1),
(136, 2, 59, '2018-11-12 20:57:35', '2018-11-12 21:53:15', 0, 1),
(138, 3, 60, '2018-11-13 19:36:36', '2018-11-13 20:03:18', 0, 1),
(139, 3, 61, '2018-11-13 20:09:19', '2018-11-13 21:13:59', 0, 1),
(143, 2, 53, '2018-11-15 22:35:38', '2018-11-15 22:53:44', 0, 1),
(142, 3, 62, '2018-11-14 22:29:10', '2018-11-14 23:13:59', 0, 1),
(144, 4, 31, '2018-11-16 18:05:47', '2018-11-16 18:59:36', 0, 1),
(145, 4, 31, '2018-11-16 20:13:48', '2018-11-16 21:33:07', 0, 1),
(146, 2, 53, '2018-11-18 23:09:31', '2018-11-18 23:27:39', 0, 1),
(147, 3, 63, '2018-11-19 18:26:36', '2018-11-19 18:43:36', 0, 1),
(148, 2, 59, '2018-11-19 21:32:42', '2018-11-19 21:54:51', 0, 1),
(149, 2, 64, '2018-11-19 21:55:10', '2018-11-19 23:07:12', 0, 1),
(150, 3, 65, '2018-11-20 20:01:15', '2018-11-20 21:39:22', 0, 1),
(158, 4, 31, '2018-11-23 21:59:39', '2018-11-23 22:23:56', 0, 1),
(157, 2, 64, '2018-11-21 20:54:08', '2018-11-21 22:46:23', 0, 1),
(156, 2, 64, '2018-11-20 23:43:48', '2018-11-20 23:54:11', 0, 1),
(159, 4, 31, '2018-11-24 20:00:26', '2018-11-24 21:17:31', 0, 1),
(160, 3, 67, '2018-11-25 13:05:53', '2018-11-25 14:02:13', 0, 1),
(161, 2, 64, '2018-11-25 15:53:30', '2018-11-25 17:13:46', 0, 1),
(162, 4, 31, '2018-11-25 18:06:13', '2018-11-25 18:26:38', 0, 1),
(163, 1, 68, '2018-11-25 18:31:42', '2018-11-25 19:13:04', 0, 1),
(167, 3, 70, '2018-11-26 09:45:59', '2018-11-26 10:12:08', 0, 1),
(168, 4, 71, '2018-11-26 10:12:26', '2018-11-26 10:41:10', 0, 1),
(169, 4, 31, '2018-11-26 14:07:54', '2018-11-26 14:40:48', 0, 1),
(170, 3, 62, '2018-11-27 21:47:49', '2018-11-27 22:47:55', 0, 1),
(171, 2, 72, '2018-11-28 11:04:03', '2018-11-28 11:34:21', 0, 1),
(172, 2, 72, '2018-11-28 11:46:13', '2018-11-28 12:12:13', 0, 1),
(173, 2, 72, '2018-11-28 13:07:33', '2018-11-28 13:50:39', 0, 1),
(174, 2, 72, '2018-11-28 13:59:24', '2018-11-28 15:10:18', 0, 1),
(175, 3, 73, '2018-11-28 19:19:21', '2018-11-28 20:22:59', 0, 1),
(176, 4, 31, '2018-11-29 14:53:29', '2018-11-29 15:15:21', 0, 1),
(177, 4, 31, '2018-11-29 16:21:42', '2018-11-29 17:08:41', 0, 1),
(178, 3, 74, '2018-11-29 20:27:18', '2018-11-29 22:04:03', 0, 1),
(179, 2, 28, '2018-11-30 23:06:44', '2018-11-30 23:13:52', 0, 1),
(180, 3, 74, '2018-12-01 18:53:32', '2018-12-01 19:33:39', 0, 1),
(182, 2, 75, '2018-12-01 23:22:36', '2018-12-01 23:23:09', 0, 1),
(183, 3, 73, '2018-12-02 10:19:36', '2018-12-02 11:06:14', 0, 1),
(189, 3, 73, '2018-12-04 20:36:53', '2018-12-04 21:34:14', 0, 1),
(188, 2, 76, '2018-12-03 21:31:07', '2018-12-03 22:15:56', 0, 1),
(187, 4, 31, '2018-12-02 19:50:24', '2018-12-02 19:50:37', 0, 1),
(190, 3, 73, '2018-12-05 20:43:24', '2018-12-05 21:36:58', 0, 1),
(191, 2, 75, '2018-12-06 21:14:29', '2018-12-06 22:06:03', 0, 1),
(192, 4, 31, '2018-12-06 22:35:02', '2018-12-06 22:44:28', 0, 1),
(193, 3, 74, '2018-12-06 22:48:13', '2018-12-06 23:16:19', 0, 1),
(194, 4, 31, '2018-12-07 19:32:09', '2018-12-07 20:30:57', 0, 1),
(195, 2, 77, '2018-12-08 23:15:34', '2018-12-08 23:51:56', 0, 1),
(196, 2, 77, '2018-12-09 23:30:33', '2018-12-10 00:00:30', 0, 1),
(197, 2, 76, '2018-12-10 20:24:18', '2018-12-10 21:10:00', 0, 1),
(198, 4, 71, '2018-12-11 20:12:48', '2018-12-11 20:49:48', 0, 1),
(199, 4, 71, '2018-12-11 21:02:20', '2018-12-11 21:18:13', 0, 1),
(200, 2, 76, '2018-12-12 12:13:11', '2018-12-12 12:50:50', 0, 1),
(201, 4, 31, '2018-12-12 14:06:46', '2018-12-12 14:59:46', 0, 1),
(202, 3, 78, '2018-12-12 17:20:46', '2018-12-12 17:57:35', 0, 1),
(203, 4, 31, '2018-12-12 19:53:40', '2018-12-12 20:19:12', 0, 1),
(205, 4, 31, '2018-12-12 23:02:49', '2018-12-12 23:34:40', 0, 1),
(206, 4, 31, '2018-12-13 23:05:19', '2018-12-13 23:30:04', 0, 1),
(207, 4, 31, '2018-12-14 22:48:40', '2018-12-14 23:03:14', 0, 1),
(208, 2, 77, '2018-12-15 21:57:25', '2018-12-15 22:40:19', 0, 1),
(209, 4, 79, '2018-12-16 20:55:26', '2018-12-16 21:04:03', 0, 1),
(210, 4, 79, '2018-12-16 21:04:07', '2018-12-16 21:24:36', 0, 1),
(211, 4, 31, '2018-12-17 10:17:29', '2018-12-17 10:40:06', 0, 1),
(212, 4, 31, '2018-12-17 21:28:44', '2018-12-17 22:40:05', 0, 1),
(213, 3, 80, '2018-12-18 21:54:50', '2018-12-18 22:51:36', 0, 1),
(214, 3, 81, '2018-12-19 20:24:12', '2018-12-19 21:03:01', 0, 1),
(215, 3, 73, '2018-12-19 21:06:10', '2018-12-19 21:51:49', 0, 1),
(216, 4, 71, '2018-12-19 22:19:34', '2018-12-19 22:39:00', 0, 1),
(217, 2, 77, '2018-12-22 20:33:59', '2018-12-22 21:43:23', 0, 1),
(218, 2, 77, '2018-12-23 14:41:15', '2018-12-23 16:19:05', 0, 1),
(219, 3, 80, '2018-12-23 21:42:59', '2018-12-23 22:12:34', 0, 1),
(220, 2, 75, '2018-12-24 17:03:49', '2018-12-24 17:34:14', 0, 1),
(222, 4, 31, '2018-12-26 22:45:04', '2018-12-26 23:25:50', 0, 1),
(226, 4, 31, '2018-12-27 21:12:17', '2018-12-27 21:30:32', 0, 1),
(227, 4, 31, '2018-12-28 20:57:02', '2018-12-28 22:34:53', 0, 1),
(228, 4, 31, '2018-12-29 20:47:22', '2018-12-29 21:38:47', 0, 1),
(230, 3, 63, '2018-12-29 21:41:30', '2018-12-29 22:29:14', 0, 1),
(231, 3, 63, '2019-01-02 13:37:33', '2019-01-02 14:19:36', 0, 1),
(232, 3, 82, '2019-01-02 14:19:47', '2019-01-02 14:33:38', 0, 1),
(233, 3, 83, '2019-01-02 16:37:00', '2019-01-02 17:00:30', 0, 1),
(234, 4, 31, '2019-01-03 12:55:38', '2019-01-03 13:32:47', 0, 1),
(235, 4, 31, '2019-01-03 20:44:22', '2019-01-03 21:31:48', 0, 1),
(236, 4, 31, '2019-01-04 16:56:57', '2019-01-04 18:56:10', 0, 1),
(237, 3, 84, '2019-01-05 19:57:07', '2019-01-05 20:12:00', 0, 1),
(238, 2, 50, '2019-01-05 20:13:30', '2019-01-05 20:53:10', 0, 1),
(239, 3, 73, '2019-01-06 19:49:03', '2019-01-06 20:15:18', 0, 1),
(240, 3, 73, '2019-01-06 20:41:29', '2019-01-06 21:01:51', 0, 1),
(241, 2, 36, '2019-01-06 22:02:45', '2019-01-06 22:42:52', 0, 1),
(242, 2, 36, '2019-01-07 15:05:09', '2019-01-07 15:38:55', 0, 1),
(243, 2, 36, '2019-01-07 16:16:16', '2019-01-07 16:55:10', 0, 1),
(244, 2, 36, '2019-01-08 22:12:35', '2019-01-08 22:48:04', 0, 1),
(245, 4, 31, '2019-01-09 20:32:41', '2019-01-09 21:27:26', 0, 1),
(246, 4, 31, '2019-01-09 21:45:42', '2019-01-09 22:06:13', 0, 1),
(247, 3, 85, '2019-01-09 22:18:57', '2019-01-09 22:44:09', 0, 1),
(248, 3, 73, '2019-01-09 22:57:07', '2019-01-09 23:12:48', 0, 1),
(249, 4, 31, '2019-01-10 17:33:37', '2019-01-10 17:41:15', 0, 1),
(250, 4, 31, '2019-01-10 17:56:28', '2019-01-10 18:16:08', 0, 1),
(251, 3, 63, '2019-01-12 22:30:38', '2019-01-12 22:55:06', 0, 1),
(252, 3, 86, '2019-01-12 22:55:33', '2019-01-12 23:18:10', 0, 1),
(253, 3, 73, '2019-01-12 23:22:09', '2019-01-12 23:48:59', 0, 1),
(254, 2, 50, '2019-01-13 00:09:32', '2019-01-13 00:25:31', 0, 1),
(255, 4, 31, '2019-01-13 23:03:45', '2019-01-13 23:35:31', 0, 1),
(256, 2, 36, '2019-01-14 21:25:23', '2019-01-14 22:29:46', 0, 1),
(257, 4, 31, '2019-01-15 19:05:04', '2019-01-15 19:33:22', 0, 1),
(258, 4, 31, '2019-01-15 19:37:00', '2019-01-15 20:10:12', 0, 1),
(259, 3, 86, '2019-01-15 21:21:56', '2019-01-15 22:04:15', 0, 1),
(260, 3, 87, '2019-01-15 22:04:31', '2019-01-15 22:43:39', 0, 1),
(261, 2, 88, '2019-01-15 23:02:12', '2019-01-15 23:36:56', 0, 1),
(262, 1, 89, '2019-01-15 23:41:24', '2019-01-15 23:53:52', 0, 1),
(263, 3, 90, '2019-01-16 20:04:57', '2019-01-16 20:38:02', 0, 1),
(264, 4, 31, '2019-01-16 21:52:58', '2019-01-16 22:47:28', 0, 1),
(265, 3, 50, '2019-01-16 23:42:13', '2019-01-16 23:55:32', 0, 1),
(267, 4, 31, '2019-01-18 22:42:47', '2019-01-19 00:24:15', 0, 1),
(268, 3, 63, '2019-01-19 20:04:17', '2019-01-19 20:44:04', 0, 1),
(269, 2, 36, '2019-01-19 21:37:41', '2019-01-19 22:28:53', 0, 1),
(270, 2, 91, '2019-01-20 21:26:45', '2019-01-20 22:13:18', 0, 1),
(271, 2, 91, '2019-01-20 22:32:42', '2019-01-20 23:08:19', 0, 1),
(272, 2, 91, '2019-01-21 21:43:34', '2019-01-21 22:30:29', 0, 1),
(273, 2, 53, '2019-01-21 22:40:13', '2019-01-21 22:58:40', 0, 1),
(274, 4, 31, '2019-01-22 18:41:23', '2019-01-22 19:37:04', 0, 1),
(275, 4, 31, '2019-01-22 20:42:20', '2019-01-22 21:24:18', 0, 1),
(277, 3, 92, '2019-01-23 08:59:20', '2019-01-23 09:29:59', 0, 1),
(278, 3, 93, '2019-01-23 09:50:15', '2019-01-23 11:06:29', 0, 1),
(280, 3, 93, '2019-01-23 16:42:12', '2019-01-23 17:01:07', 0, 1),
(281, 3, 50, '2019-01-23 17:36:38', '2019-01-23 18:26:37', 0, 1),
(282, 3, 50, '2019-01-23 18:28:55', '2019-01-23 18:44:22', 0, 1),
(283, 4, 31, '2019-01-24 16:16:41', '2019-01-24 16:55:21', 0, 1),
(284, 4, 71, '2019-01-24 20:57:53', '2019-01-24 21:37:02', 0, 1),
(285, 3, 93, '2019-01-24 21:37:18', '2019-01-24 22:40:32', 0, 1),
(286, 4, 31, '2019-01-25 13:10:50', '2019-01-25 14:19:10', 0, 1),
(287, 4, 31, '2019-01-25 20:54:19', '2019-01-25 21:36:14', 0, 1),
(288, 2, 91, '2019-01-27 14:34:59', '2019-01-27 15:16:28', 0, 1),
(289, 2, 91, '2019-01-27 20:04:47', '2019-01-27 20:40:49', 0, 1),
(290, 3, 50, '2019-01-28 21:17:00', '2019-01-28 21:56:09', 0, 1),
(291, 2, 94, '2019-01-28 22:15:44', '2019-01-28 22:57:54', 0, 1),
(292, 4, 71, '2019-01-28 22:58:17', '2019-01-28 23:19:18', 0, 1),
(293, 3, 50, '2019-01-29 20:50:04', '2019-01-29 22:02:57', 0, 1),
(294, 3, 78, '2019-01-29 22:41:44', '2019-01-29 23:00:57', 0, 1),
(295, 4, 31, '2019-01-29 23:19:01', '2019-01-29 23:54:44', 0, 1),
(296, 3, 95, '2019-01-30 09:41:22', '2019-01-30 09:52:58', 0, 1),
(297, 2, 38, '2019-01-30 21:34:36', '2019-01-30 21:58:45', 0, 1),
(298, 2, 38, '2019-01-30 22:00:11', '2019-01-30 22:21:52', 0, 1),
(300, 4, 31, '2019-02-01 19:27:17', '2019-02-01 21:50:17', 0, 1),
(301, 2, 53, '2019-02-02 21:06:26', '2019-02-02 21:18:28', 0, 1),
(302, 2, 36, '2019-02-03 19:13:45', '2019-02-03 20:04:52', 0, 1),
(303, 2, 94, '2019-02-04 21:18:29', '2019-02-04 22:32:14', 0, 1),
(305, 3, 50, '2019-02-05 20:07:22', '2019-02-05 21:26:22', 0, 1),
(306, 3, 95, '2019-02-06 20:41:48', '2019-02-06 22:25:48', 0, 1),
(308, 2, 38, '2019-02-07 09:14:47', '2019-02-07 09:19:51', 0, 1),
(309, 2, 38, '2019-02-07 21:28:29', '2019-02-07 22:31:10', 0, 1),
(310, 2, 38, '2019-02-08 22:30:15', '2019-02-08 22:43:03', 0, 1),
(311, 3, 95, '2019-02-09 19:26:18', '2019-02-09 20:33:51', 0, 1),
(347, 2, 104, '2019-02-17 15:01:32', '2019-02-17 15:21:03', 0, 1),
(315, 3, 95, '2019-02-11 09:36:41', '2019-02-11 10:00:28', 0, 1),
(316, 3, 96, '2019-02-11 10:34:58', '2019-02-11 11:18:52', 0, 1),
(334, 3, 50, '2019-02-14 19:56:30', '2019-02-14 20:40:00', 0, 1),
(335, 3, 50, '2019-02-14 20:40:09', '2019-02-14 20:55:38', 0, 1),
(349, 3, 78, '2019-02-17 21:39:48', '2019-02-17 22:08:08', 0, 1),
(348, 2, 104, '2019-02-17 15:42:33', '2019-02-17 16:32:43', 0, 1),
(350, 4, 31, '2019-02-18 12:18:30', '2019-02-18 12:35:09', 0, 1),
(351, 2, 104, '2019-02-18 20:52:13', '2019-02-18 21:50:48', 0, 1),
(352, 4, 31, '2019-02-18 21:56:53', '2019-02-18 22:20:25', 0, 1),
(353, 3, 50, '2019-02-19 19:12:04', '2019-02-19 20:11:52', 0, 1),
(354, 3, 78, '2019-02-19 23:01:44', '2019-02-19 23:25:00', 0, 1),
(359, 2, 38, '2019-02-20 18:54:31', '2019-02-20 20:37:13', 0, 1),
(356, 2, 53, '2019-02-19 23:25:40', '2019-02-19 23:45:12', 0, 1),
(360, 4, 31, '2019-02-20 22:19:50', '2019-02-20 22:48:47', 0, 1),
(362, 4, 31, '2019-02-21 10:01:23', '2019-02-21 10:26:32', 0, 1),
(363, 2, 106, '2019-02-21 22:14:55', '2019-02-21 23:12:39', 0, 1),
(364, 4, 31, '2019-02-22 22:18:02', '2019-02-22 23:18:43', 0, 1),
(370, 18, 112, '2019-02-23 23:07:14', '2019-02-23 23:07:51', 0, 2),
(371, 18, 112, '2019-02-23 23:09:19', '2019-02-23 23:09:23', 0, 2),
(372, 2, 104, '2019-02-24 20:45:57', '2019-02-24 22:03:43', 0, 1),
(373, 2, 53, '2019-02-24 22:46:12', '2019-02-24 23:19:06', 0, 1),
(374, 4, 71, '2019-02-24 23:39:11', '2019-02-24 23:52:23', 0, 1),
(376, 2, 104, '2019-02-25 20:35:19', '2019-02-25 21:32:08', 0, 1),
(377, 3, 113, '2019-02-25 22:01:40', '2019-02-25 22:21:46', 0, 1),
(378, 3, 114, '2019-02-25 22:21:58', '2019-02-25 22:52:32', 0, 1),
(379, 3, 114, '2019-02-25 23:20:44', '2019-02-25 23:47:47', 0, 1),
(380, 4, 31, '2019-02-26 20:20:29', '2019-02-26 20:40:51', 0, 1),
(381, 3, 78, '2019-02-26 21:03:52', '2019-02-26 21:25:03', 0, 1),
(382, 3, 50, '2019-02-26 21:34:34', '2019-02-26 22:15:38', 0, 1),
(383, 3, 93, '2019-02-26 22:18:03', '2019-02-26 22:43:50', 0, 1),
(384, 2, 115, '2019-02-26 22:55:21', '2019-02-26 23:56:45', 0, 1),
(385, 2, 115, '2019-02-27 20:39:36', '2019-02-27 22:40:35', 0, 1),
(386, 4, 31, '2019-02-27 23:26:11', '2019-02-27 23:57:23', 0, 1),
(387, 4, 31, '2019-02-28 07:59:23', '2019-02-28 08:19:53', 0, 1),
(388, 4, 31, '2019-02-28 12:58:35', '2019-02-28 13:40:56', 0, 1),
(389, 2, 115, '2019-02-28 14:19:30', '2019-02-28 14:30:33', 0, 1),
(390, 3, 50, '2019-02-28 20:16:58', '2019-02-28 20:30:51', 0, 1),
(391, 2, 115, '2019-02-28 20:42:00', '2019-02-28 22:19:06', 0, 1),
(392, 4, 31, '2019-02-28 23:18:05', '2019-02-28 23:38:20', 0, 1),
(394, 2, 115, '2019-03-01 11:13:29', '2019-03-01 11:39:58', 0, 1),
(395, 4, 116, '2019-03-01 13:07:44', '2019-03-01 13:35:54', 0, 1),
(396, 4, 116, '2019-03-01 17:52:12', '2019-03-01 18:35:27', 0, 1),
(400, 2, 53, '2019-03-01 23:10:11', '2019-03-01 23:21:35', 0, 1),
(399, 3, 114, '2019-03-01 22:23:43', '2019-03-01 23:08:49', 0, 1),
(401, 20, 117, '2019-03-02 21:50:02', '2019-03-02 21:57:04', 0, 2),
(402, 2, 118, '2019-03-03 16:23:50', '2019-03-03 17:35:36', 0, 1),
(403, 2, 118, '2019-03-03 19:44:43', '2019-03-03 20:59:43', 0, 1),
(404, 2, 118, '2019-03-04 11:07:11', '2019-03-04 11:14:00', 0, 1),
(405, 2, 119, '2019-03-04 20:30:27', '2019-03-04 21:30:15', 0, 1),
(406, 3, 120, '2019-03-04 22:04:02', '2019-03-04 23:06:19', 0, 1),
(407, 3, 50, '2019-03-05 19:47:01', '2019-03-05 20:41:33', 0, 1),
(408, 3, 78, '2019-03-05 20:41:47', '2019-03-05 21:06:50', 0, 1),
(409, 3, 50, '2019-03-05 21:13:29', '2019-03-05 21:18:31', 0, 1),
(410, 2, 118, '2019-03-05 21:50:37', '2019-03-05 22:53:05', 0, 1),
(411, 4, 116, '2019-03-05 23:01:05', '2019-03-05 23:26:06', 0, 1),
(412, 2, 118, '2019-03-06 13:23:28', '2019-03-06 13:33:47', 0, 1),
(413, 2, 118, '2019-03-06 20:52:07', '2019-03-06 21:54:16', 0, 1),
(414, 4, 116, '2019-03-06 22:05:04', '2019-03-06 22:42:51', 0, 1),
(416, 4, 116, '2019-03-07 20:29:25', '2019-03-07 21:20:42', 0, 1),
(417, 3, 50, '2019-03-07 21:50:32', '2019-03-07 22:50:35', 0, 1),
(418, 4, 116, '2019-03-08 20:08:56', '2019-03-08 21:44:12', 0, 1),
(420, 2, 53, '2019-03-08 22:18:29', '2019-03-08 22:43:54', 0, 1),
(421, 2, 118, '2019-03-12 15:19:15', '2019-03-12 15:50:03', 0, 1),
(422, 2, 118, '2019-03-12 20:01:09', '2019-03-12 20:11:35', 0, 1),
(423, 4, 116, '2019-03-12 20:36:54', '2019-03-12 21:32:05', 0, 1),
(425, 2, 118, '2019-03-12 22:51:19', '2019-03-12 23:37:22', 0, 1),
(426, 4, 116, '2019-03-13 19:44:35', '2019-03-13 20:55:49', 0, 1),
(427, 3, 63, '2019-03-13 21:25:49', '2019-03-13 21:35:53', 0, 1),
(428, 3, 63, '2019-03-13 21:46:53', '2019-03-13 21:53:11', 0, 1),
(429, 2, 122, '2019-03-13 22:06:53', '2019-03-13 22:53:36', 0, 1),
(430, 4, 116, '2019-03-14 11:06:13', '2019-03-14 11:08:01', 0, 1),
(432, 4, 116, '2019-03-14 15:16:09', '2019-03-14 15:36:46', 0, 1),
(433, 3, 114, '2019-03-14 18:43:00', '2019-03-14 19:57:32', 0, 1),
(434, 2, 123, '2019-03-14 22:17:42', '2019-03-14 23:03:58', 0, 1),
(435, 3, 93, '2019-03-15 18:20:47', '2019-03-15 19:45:44', 0, 1),
(436, 3, 114, '2019-03-15 20:00:49', '2019-03-15 21:16:11', 0, 1),
(437, 3, 120, '2019-03-15 21:56:42', '2019-03-15 22:37:04', 0, 1),
(438, 4, 116, '2019-03-15 22:40:03', '2019-03-16 00:03:33', 0, 1),
(439, 3, 50, '2019-03-17 14:03:31', '2019-03-17 14:18:32', 0, 1),
(440, 3, 35, '2019-03-17 14:22:49', '2019-03-17 14:37:50', 0, 1),
(441, 2, 119, '2019-03-17 16:59:57', '2019-03-17 18:02:49', 0, 1),
(442, 2, 119, '2019-03-17 21:23:03', '2019-03-17 22:00:50', 0, 1),
(443, 3, 50, '2019-03-18 19:31:51', '2019-03-18 20:08:56', 0, 1),
(444, 3, 50, '2019-03-18 20:21:19', '2019-03-18 21:11:09', 0, 1),
(445, 4, 116, '2019-03-18 22:25:57', '2019-03-18 23:22:33', 0, 1),
(446, 3, 50, '2019-03-19 11:13:34', '2019-03-19 11:34:02', 0, 1),
(447, 3, 78, '2019-03-19 21:20:04', '2019-03-19 21:55:16', 0, 1),
(448, 4, 116, '2019-03-19 22:52:41', '2019-03-19 23:14:43', 0, 1),
(449, 4, 124, '2019-03-19 23:20:29', '2019-03-19 23:32:39', 0, 1),
(450, 1, 50, '2019-03-20 16:51:46', '2019-03-20 16:59:09', 0, 1),
(451, 2, 88, '2019-03-20 17:34:30', '2019-03-20 17:45:19', 0, 1),
(452, 2, 125, '2019-03-20 21:40:30', '2019-03-20 23:03:41', 0, 1),
(453, 4, 116, '2019-03-21 19:10:55', '2019-03-21 19:30:57', 0, 1),
(454, 2, 126, '2019-03-21 21:47:21', '2019-03-21 22:26:24', 0, 1),
(455, 2, 53, '2019-03-21 22:31:40', '2019-03-21 23:02:30', 0, 1),
(456, 4, 124, '2019-03-22 22:07:30', '2019-03-22 22:52:42', 0, 1),
(457, 4, 124, '2019-03-22 22:58:04', '2019-03-22 23:18:38', 0, 1),
(458, 2, 88, '2019-03-24 21:45:46', '2019-03-24 22:12:49', 0, 1),
(459, 4, 124, '2019-03-25 14:16:17', '2019-03-25 14:29:34', 0, 1),
(460, 4, 124, '2019-03-25 18:39:39', '2019-03-25 18:47:14', 0, 1),
(462, 4, 124, '2019-03-25 19:32:46', '2019-03-25 20:01:22', 0, 1),
(463, 2, 127, '2019-03-25 21:01:13', '2019-03-25 21:55:07', 0, 1),
(464, 2, 53, '2019-03-25 22:57:31', '2019-03-25 23:15:41', 0, 1),
(465, 4, 31, '2019-03-26 17:18:31', '2019-03-26 17:46:22', 0, 1),
(466, 4, 116, '2019-03-26 21:12:07', '2019-03-26 22:22:32', 0, 1),
(467, 2, 94, '2019-03-26 22:29:24', '2019-03-26 23:00:51', 0, 1),
(468, 2, 53, '2019-03-26 23:06:25', '2019-03-26 23:33:02', 0, 1),
(469, 2, 94, '2019-03-27 19:25:08', '2019-03-27 20:13:17', 0, 1),
(470, 2, 88, '2019-03-27 22:06:28', '2019-03-27 22:34:42', 0, 1),
(471, 4, 128, '2019-03-27 22:52:11', '2019-03-27 23:22:32', 0, 1),
(472, 4, 31, '2019-03-29 20:51:21', '2019-03-29 21:11:24', 0, 1),
(473, 2, 94, '2019-03-29 21:55:59', '2019-03-29 22:20:30', 0, 1),
(474, 3, 93, '2019-03-30 20:03:37', '2019-03-30 21:04:25', 0, 1),
(475, 3, 114, '2019-03-31 21:34:04', '2019-03-31 22:54:08', 0, 1),
(476, 4, 31, '2019-04-01 21:21:51', '2019-04-01 22:30:57', 0, 1),
(477, 2, 129, '2019-04-01 22:52:32', '2019-04-01 23:36:43', 0, 1),
(478, 2, 53, '2019-04-01 23:38:05', '2019-04-01 23:46:27', 0, 1),
(479, 3, 120, '2019-04-02 14:22:22', '2019-04-02 15:23:19', 0, 1),
(480, 3, 93, '2019-04-02 21:09:39', '2019-04-02 21:54:23', 0, 1),
(481, 2, 130, '2019-04-02 22:17:15', '2019-04-02 23:13:22', 0, 1),
(482, 3, 50, '2019-04-02 23:38:18', '2019-04-03 00:05:01', 0, 1),
(484, 2, 126, '2019-04-03 21:26:40', '2019-04-03 22:31:54', 0, 1),
(486, 4, 31, '2019-04-03 22:49:53', '2019-04-04 00:01:57', 0, 1),
(487, 2, 126, '2019-04-04 09:03:24', '2019-04-04 09:44:50', 0, 1),
(488, 3, 93, '2019-04-04 20:07:56', '2019-04-04 21:08:57', 0, 1),
(489, 3, 93, '2019-04-04 21:29:21', '2019-04-04 21:44:22', 0, 1),
(490, 4, 116, '2019-04-04 22:50:29', '2019-04-04 23:31:31', 0, 1),
(491, 2, 53, '2019-04-04 23:39:32', '2019-04-05 00:09:21', 0, 1),
(492, 4, 31, '2019-04-05 22:18:16', '2019-04-05 22:51:11', 0, 1),
(493, 2, 130, '2019-04-07 14:11:20', '2019-04-07 15:40:32', 0, 1),
(494, 2, 130, '2019-04-07 20:03:36', '2019-04-07 20:12:37', 0, 1),
(495, 2, 132, '2019-04-07 22:26:08', '2019-04-07 23:10:46', 0, 1),
(496, 4, 31, '2019-04-08 20:14:50', '2019-04-08 21:20:39', 0, 1),
(497, 2, 126, '2019-04-08 21:44:10', '2019-04-08 23:01:56', 0, 1),
(498, 2, 129, '2019-04-09 21:38:18', '2019-04-09 22:49:12', 0, 1),
(499, 2, 129, '2019-04-09 22:50:53', '2019-04-09 23:10:52', 0, 1),
(500, 3, 114, '2019-04-10 18:23:17', '2019-04-10 19:06:46', 0, 1),
(501, 3, 114, '2019-04-10 19:47:23', '2019-04-10 19:59:06', 0, 1),
(502, 3, 114, '2019-04-10 20:19:52', '2019-04-10 21:41:35', 0, 1),
(503, 2, 129, '2019-04-10 22:16:37', '2019-04-10 22:23:08', 0, 1),
(504, 4, 31, '2019-04-10 22:27:56', '2019-04-10 22:33:02', 0, 1),
(505, 2, 129, '2019-04-10 22:33:23', '2019-04-10 23:18:19', 0, 1),
(506, 4, 31, '2019-04-11 09:05:20', '2019-04-11 09:55:04', 0, 1),
(508, 3, 93, '2019-04-11 21:33:21', '2019-04-11 21:54:47', 0, 1),
(509, 4, 31, '2019-04-11 22:04:06', '2019-04-11 23:27:19', 0, 1),
(510, 4, 31, '2019-04-12 21:11:35', '2019-04-12 22:37:38', 0, 1),
(511, 4, 31, '2019-04-14 20:54:38', '2019-04-14 22:41:18', 0, 1),
(512, 2, 53, '2019-04-14 22:46:22', '2019-04-14 23:06:11', 0, 1),
(513, 3, 50, '2019-04-15 11:40:49', '2019-04-15 12:34:31', 0, 1),
(514, 3, 78, '2019-04-15 22:11:33', '2019-04-15 22:39:52', 0, 1),
(515, 4, 31, '2019-04-16 19:42:44', '2019-04-16 21:16:59', 0, 1),
(516, 2, 133, '2019-04-16 22:33:57', '2019-04-16 22:50:50', 0, 1),
(517, 4, 31, '2019-04-17 22:18:05', '2019-04-17 23:46:17', 0, 1),
(518, 3, 50, '2019-04-18 10:01:07', '2019-04-18 10:24:26', 0, 1),
(519, 3, 50, '2019-04-18 11:36:42', '2019-04-18 12:00:56', 0, 1),
(520, 4, 116, '2019-04-18 21:18:51', '2019-04-18 22:44:36', 0, 1),
(521, 3, 50, '2019-04-19 21:30:28', '2019-04-19 22:15:00', 0, 1),
(522, 4, 124, '2019-04-22 21:07:36', '2019-04-22 22:38:41', 0, 1),
(523, 4, 31, '2019-04-23 21:40:59', '2019-04-23 22:45:14', 0, 1),
(524, 2, 54, '2019-04-24 21:26:32', '2019-04-24 22:53:57', 0, 1),
(525, 4, 124, '2019-04-24 22:56:26', '2019-04-24 23:10:03', 0, 1),
(526, 3, 50, '2019-04-25 22:14:13', '2019-04-25 23:36:20', 0, 1),
(527, 3, 93, '2019-04-26 19:50:34', '2019-04-26 20:15:29', 0, 1),
(528, 4, 31, '2019-04-26 22:12:38', '2019-04-26 23:40:37', 0, 1),
(529, 4, 128, '2019-04-30 12:14:01', '2019-04-30 12:46:28', 0, 1),
(530, 4, 128, '2019-04-30 12:55:54', '2019-04-30 13:12:38', 0, 1),
(531, 3, 78, '2019-04-30 19:02:00', '2019-04-30 19:55:25', 0, 1),
(532, 2, 134, '2019-04-30 22:06:14', '2019-04-30 22:44:32', 0, 1),
(533, 4, 128, '2019-05-01 16:33:41', '2019-05-01 16:54:15', 0, 1),
(534, 4, 31, '2019-05-01 18:24:12', '2019-05-01 19:27:06', 0, 1),
(535, 2, 135, '2019-05-01 20:49:51', '2019-05-01 21:48:09', 0, 1),
(536, 2, 76, '2019-05-02 19:46:28', '2019-05-02 21:03:58', 0, 1),
(537, 4, 128, '2019-05-02 22:19:28', '2019-05-02 22:43:11', 0, 1),
(538, 4, 116, '2019-05-03 23:29:40', '2019-05-03 23:59:42', 0, 1),
(539, 3, 50, '2019-05-04 12:02:12', '2019-05-04 12:44:01', 0, 1),
(540, 2, 54, '2019-05-05 21:39:36', '2019-05-05 23:26:15', 0, 1),
(541, 2, 54, '2019-05-05 23:51:14', '2019-05-06 00:14:11', 0, 1),
(542, 2, 54, '2019-05-06 09:34:43', '2019-05-06 10:41:30', 0, 1),
(543, 3, 50, '2019-05-06 15:14:58', '2019-05-06 16:24:51', 0, 1),
(545, 3, 50, '2019-05-06 22:22:09', '2019-05-06 22:37:47', 0, 1),
(546, 2, 91, '2019-05-07 10:57:06', '2019-05-07 11:53:57', 0, 1),
(547, 2, 91, '2019-05-07 16:15:34', '2019-05-07 17:14:24', 0, 1),
(548, 2, 136, '2019-05-08 13:59:56', '2019-05-08 14:28:49', 0, 1),
(549, 4, 116, '2019-05-13 17:43:56', '2019-05-13 18:34:53', 0, 1),
(550, 4, 116, '2019-05-13 20:11:26', '2019-05-13 20:34:25', 0, 1),
(551, 2, 88, '2019-05-13 23:03:27', '2019-05-13 23:33:20', 0, 1),
(552, 4, 116, '2019-05-14 20:56:55', '2019-05-14 21:23:58', 0, 1),
(553, 3, 78, '2019-05-14 21:37:22', '2019-05-14 21:57:23', 0, 1),
(554, 4, 116, '2019-05-14 22:09:10', '2019-05-14 23:15:40', 0, 1),
(555, 3, 50, '2019-05-14 23:31:47', '2019-05-14 23:39:27', 0, 1),
(556, 3, 50, '2019-05-15 17:39:39', '2019-05-15 17:53:38', 0, 1),
(557, 2, 104, '2019-05-15 20:07:51', '2019-05-15 20:36:47', 0, 1),
(558, 2, 104, '2019-05-15 20:42:26', '2019-05-15 21:34:23', 0, 1),
(559, 2, 104, '2019-05-15 22:11:42', '2019-05-15 22:12:54', 0, 1),
(560, 2, 104, '2019-05-15 22:26:06', '2019-05-15 22:52:46', 0, 1),
(561, 4, 116, '2019-05-15 22:59:30', '2019-05-15 23:17:33', 0, 1),
(562, 3, 50, '2019-05-15 23:20:09', '2019-05-15 23:25:04', 0, 1),
(563, 4, 116, '2019-05-16 19:18:58', '2019-05-16 20:37:30', 0, 1),
(564, 3, 93, '2019-05-16 22:01:15', '2019-05-16 22:15:37', 0, 1),
(565, 2, 119, '2019-05-16 22:20:23', '2019-05-16 23:19:56', 0, 1),
(566, 4, 116, '2019-05-18 21:22:02', '2019-05-18 21:48:41', 0, 1),
(567, 3, 50, '2019-05-18 21:48:51', '2019-05-18 22:02:53', 0, 1),
(568, 3, 134, '2019-05-19 10:56:36', '2019-05-19 11:44:26', 0, 1),
(569, 3, 134, '2019-05-19 11:45:58', '2019-05-19 12:21:52', 0, 1),
(570, 4, 79, '2019-05-19 20:50:47', '2019-05-19 21:24:13', 0, 1),
(571, 2, 119, '2019-05-19 22:56:55', '2019-05-19 23:29:42', 0, 1),
(572, 2, 53, '2019-05-19 23:37:10', '2019-05-19 23:51:25', 0, 1),
(573, 3, 134, '2019-05-20 10:22:54', '2019-05-20 10:42:56', 0, 1),
(574, 3, 134, '2019-05-20 20:01:19', '2019-05-20 20:48:38', 0, 1),
(575, 3, 134, '2019-05-21 09:59:47', '2019-05-21 10:03:43', 0, 1),
(576, 4, 116, '2019-05-21 17:59:24', '2019-05-21 18:31:48', 0, 1),
(577, 3, 137, '2019-05-21 22:13:01', '2019-05-21 23:59:02', 0, 1),
(578, 3, 137, '2019-05-22 15:48:10', '2019-05-22 16:28:30', 0, 1),
(579, 3, 137, '2019-05-22 16:44:33', '2019-05-22 16:56:42', 0, 1),
(580, 3, 137, '2019-05-22 17:12:08', '2019-05-22 18:02:32', 0, 1),
(581, 3, 137, '2019-05-22 18:22:14', '2019-05-22 18:30:02', 0, 1),
(582, 3, 137, '2019-05-22 18:35:00', '2019-05-22 18:52:45', 0, 1),
(583, 3, 137, '2019-05-22 19:51:49', '2019-05-22 22:05:08', 0, 1),
(584, 3, 137, '2019-05-22 22:23:53', '2019-05-22 23:41:34', 0, 1),
(585, 4, 31, '2019-05-24 22:14:44', '2019-05-24 23:40:13', 0, 1),
(587, 4, 139, '2019-05-25 22:06:58', '2019-05-25 22:33:39', 0, 1),
(588, 4, 124, '2019-05-25 23:40:28', '2019-05-26 00:00:34', 0, 1),
(590, 4, 124, '2019-05-26 16:42:50', '2019-05-26 17:35:10', 0, 1),
(591, 4, 124, '2019-05-26 21:44:46', '2019-05-26 23:03:06', 0, 1),
(592, 4, 124, '2019-05-27 14:27:38', '2019-05-27 15:29:40', 0, 1),
(593, 4, 124, '2019-05-27 16:28:23', '2019-05-27 18:02:12', 0, 1),
(594, 4, 124, '2019-05-27 20:29:10', '2019-05-27 21:22:59', 0, 1),
(595, 4, 124, '2019-05-27 21:25:53', '2019-05-27 22:23:45', 0, 1),
(596, 2, 119, '2019-05-29 22:23:26', '2019-05-29 23:23:58', 0, 1),
(597, 2, 129, '2019-05-30 10:10:44', '2019-05-30 10:57:15', 0, 1),
(598, 2, 129, '2019-05-30 11:00:46', '2019-05-30 11:40:09', 0, 1),
(599, 2, 119, '2019-05-30 12:10:31', '2019-05-30 12:22:13', 0, 1),
(600, 2, 134, '2019-05-30 12:40:16', '2019-05-30 13:14:46', 0, 1),
(601, 2, 134, '2019-05-31 21:48:52', '2019-05-31 22:32:21', 0, 1),
(602, 2, 134, '2019-06-01 15:41:28', '2019-06-01 16:44:35', 0, 1),
(603, 2, 134, '2019-06-03 15:20:11', '2019-06-03 16:08:08', 0, 1),
(604, 2, 134, '2019-06-03 17:42:45', '2019-06-03 19:48:42', 0, 1),
(605, 2, 134, '2019-06-03 19:57:44', '2019-06-03 21:24:40', 0, 1),
(606, 2, 134, '2019-06-03 21:57:18', '2019-06-03 23:29:03', 0, 1),
(607, 1, 140, '2019-06-06 21:48:42', '2019-06-06 22:03:08', 0, 1),
(608, 1, 140, '2019-06-06 22:29:18', '2019-06-06 22:59:01', 0, 1),
(609, 1, 140, '2019-06-07 21:29:59', '2019-06-07 21:48:42', 0, 1),
(610, 1, 134, '2019-06-10 14:00:30', '2019-06-10 14:39:21', 0, 1),
(611, 1, 134, '2019-06-10 18:12:06', '2019-06-10 18:54:19', 0, 1);

-- --------------------------------------------------------

--
-- Структура таблицы `subject`
--

CREATE TABLE `subject` (
  `k` int(11) NOT NULL,
  `name` varchar(256) NOT NULL,
  `user` int(11) NOT NULL DEFAULT '1'
) ENGINE=MyISAM DEFAULT CHARSET=utf8;

--
-- Дамп данных таблицы `subject`
--

INSERT INTO `subject` (`k`, `name`, `user`) VALUES
(1, 'Географія', 1),
(2, 'Історія', 1),
(3, 'Українська мова', 1),
(4, 'Англійська мова', 1),
(20, 'Інформатика', 2),
(18, 'Математика', 2);

-- --------------------------------------------------------

--
-- Структура таблицы `theme`
--

CREATE TABLE `theme` (
  `k` int(11) NOT NULL,
  `name` varchar(256) NOT NULL,
  `subject` int(11) NOT NULL,
  `user` int(11) NOT NULL DEFAULT '1'
) ENGINE=MyISAM DEFAULT CHARSET=utf8;

--
-- Дамп данных таблицы `theme`
--

INSERT INTO `theme` (`k`, `name`, `subject`, `user`) VALUES
(34, 'Україна в 1943-1944 роках', 2, 1),
(33, 'Ю.Яновський Біографія \"Дитинство\", \"Шаланда в морі\"', 3, 1),
(32, 'Морфологія. Займенник.', 3, 1),
(31, 'Testing ', 4, 1),
(30, 'Числівник', 3, 1),
(29, 'Морфологія. Прикметник.', 3, 1),
(104, 'Україна в період загострення кризи радянської системи', 2, 1),
(28, 'Вступ до Історії.', 2, 1),
(70, 'Класифікація речень.', 3, 1),
(26, 'Фонетика', 3, 1),
(35, 'Морфологія. Прислівник.', 3, 1),
(36, 'Вступ. Україна на початку 20 ст.', 2, 1),
(37, 'Testing Test 3', 4, 1),
(38, 'Українські землі на початку 20 ст', 2, 1),
(39, 'Економічний розвиток українських земель на початку 20ст', 2, 1),
(40, 'Testing Test 12', 4, 1),
(41, 'Морфологія. Іменник.', 3, 1),
(44, 'Російська революція 1905-1907рр. та її вплив на Україну', 2, 1),
(43, 'Політизація національно-визвольного руху. Виникнення політичних партій.', 2, 1),
(45, 'Прикметник', 3, 1),
(46, 'Українська громада в Держ. думі.', 2, 1),
(47, 'Хід земельної реформи П.Столипіна в Україні.', 2, 1),
(48, 'Передвоєнне економічне піднесення. Суперечливі процеси соціального життя.', 2, 1),
(49, 'Testing. Test 11.', 4, 1),
(50, 'Тестування', 3, 1),
(51, 'В.Підмогильний', 3, 1),
(52, 'Морфологія. Дієслово.', 3, 1),
(53, 'Дати', 2, 1),
(54, 'Україна в роки Другої світової 1939-1945', 2, 1),
(55, 'В.Підмогильний \"Місто\"', 3, 1),
(56, 'Passive  Voice ', 4, 1),
(57, 'Морфологія. Прийменник. Частка. Вигук', 3, 1),
(58, 'Морфологія. Прийменник. Частка. Вигук.', 3, 1),
(59, 'Стародавня історія України', 2, 1),
(60, 'Загальна морфологія', 3, 1),
(61, 'Усна народна творчість', 3, 1),
(62, 'Синтаксис. Пунктуація.', 3, 1),
(63, 'Читання', 3, 1),
(64, 'Київська Держава', 2, 1),
(65, 'Іван Котляревський', 3, 1),
(66, 'тестування', 1, 2),
(67, 'Григорій Квітка-Основ\'яненко \"Маруся\"', 3, 1),
(68, 'Розв\'язування задач', 1, 1),
(71, 'Граматика', 4, 1),
(72, 'Галицько-Волинська держава. Монгольська навала.', 2, 1),
(73, 'Ускладенене речення.', 3, 1),
(74, 'Тарас Шевченко', 3, 1),
(75, 'Конспектування', 2, 1),
(76, 'Україна в перші повоєнні роки  (1945 - початок 50-х)', 2, 1),
(77, 'Литовсько-Руська держава. Україна в складі ВКЛ', 2, 1),
(78, 'Твір', 3, 1),
(79, 'Vocabulary ', 4, 1),
(80, 'Пантелеймон Куліш', 3, 1),
(81, 'Микола Куліш', 3, 1),
(82, 'Іван Нечуй-Левицький', 3, 1),
(83, 'Панас Мирний ', 3, 1),
(84, 'Іван Карпенко-Карий', 3, 1),
(85, 'Іван Франко', 3, 1),
(86, 'Михайло Коцюбинський ', 3, 1),
(87, 'Ольга Кобилянська', 3, 1),
(88, 'Тести', 2, 1),
(89, 'Географія як наука. Розвиток географічних знань', 1, 1),
(90, 'Євген Маланюк', 3, 1),
(91, 'Україна в умовах політичної та економічної лібералізації суспільства', 2, 1),
(92, 'Леся Українка', 3, 1),
(93, 'Література 11 клас', 3, 1),
(94, 'Українські землі у складі Речі Посполитої', 2, 1),
(95, 'Складне речення.', 3, 1),
(96, 'Пряма мова.', 3, 1),
(106, 'Україна в Першій світовій', 2, 1),
(107, 'До видалення (тема)', 11, 1),
(108, 'До видалення (тема2)', 12, 1),
(109, 'До видалення (тема 3)', 13, 1),
(112, 'До видалення 2', 18, 2),
(113, 'Стилістика. Розвиток мовлення.', 3, 1),
(114, 'Орфографія.', 3, 1),
(115, 'Українська революція 1917-1921', 2, 1),
(116, 'Testing', 4, 1),
(117, 'Основи', 20, 2),
(118, 'Україна в боротьбі за збереження держ. незалежності (1918-1920)', 2, 1),
(119, 'Розпад СРСР й проголошення незалежності України', 2, 1),
(120, 'Орфографія', 3, 1),
(121, 'Нова тема', 1, 1),
(122, 'УСРР в умовах НЕПу', 2, 1),
(123, 'Утворенння УСРР', 2, 1),
(124, 'Grammar', 4, 1),
(125, 'Українська СРСР в умовах НЕПу', 2, 1),
(126, 'Утвердження тоталітарного режиму', 2, 1),
(127, 'Українські землі в складі речі Посполитої', 2, 1),
(128, 'Audio', 4, 1),
(129, 'Україна в умовах незалежності', 2, 1),
(130, 'Національно-визвольна війна під приводом Б.Хмельницького', 2, 1),
(131, 'Культурне життя України', 2, 1),
(132, 'Українські землі 17ст', 2, 1),
(133, 'Західна Україна 1921-1939', 2, 1),
(134, 'Повторення', 2, 1),
(135, 'Українські землі 50-х 80-х 17ст', 2, 1),
(136, 'Політичне та економічне становище УРСР', 2, 1),
(137, ' Повторення', 3, 1),
(138, 'Temainding', 4, 1),
(139, 'Reminding', 4, 1),
(140, 'Відеоуроки', 1, 1);

-- --------------------------------------------------------

--
-- Структура таблицы `users_eit`
--

CREATE TABLE `users_eit` (
  `k` int(11) UNSIGNED NOT NULL,
  `login` varchar(32) NOT NULL,
  `password` varchar(64) NOT NULL,
  `password_hash` varchar(128) NOT NULL,
  `name` varchar(50) NOT NULL,
  `description` varchar(256) NOT NULL,
  `email` varchar(50) NOT NULL,
  `role` int(11) NOT NULL
) ENGINE=MyISAM DEFAULT CHARSET=utf8;

--
-- Дамп данных таблицы `users_eit`
--

INSERT INTO `users_eit` (`k`, `login`, `password`, `password_hash`, `name`, `description`, `email`, `role`) VALUES
(1, 'volodymyr', 'admin', 'c7ad44cbad762a5da0a452f9e854fdc1e0e7a52a38015f23f3eab1d80b931dd472634dfac71cd34ebc35d16ab7fb8a90c81f975113d6c7538dc69dd8de9077ec', 'Володимир', 'Адміністратор системи', '', 1),
(2, 'anastasia', 'admin2', '661bb43140229ad4dc3e762e7bdd68cc14bb9093c158c386bd989fea807acd9bd7f805ca4736b870b6571594d0d8fcfc57b98431143dfb770e083fa9be89bc72', 'Анастасія', 'Учениця 11 класу', '', 2);

--
-- Индексы сохранённых таблиц
--

--
-- Индексы таблицы `lessons`
--
ALTER TABLE `lessons`
  ADD PRIMARY KEY (`k`),
  ADD KEY `subject` (`subject`),
  ADD KEY `theme` (`theme`),
  ADD KEY `user` (`user`);

--
-- Индексы таблицы `subject`
--
ALTER TABLE `subject`
  ADD PRIMARY KEY (`k`);

--
-- Индексы таблицы `theme`
--
ALTER TABLE `theme`
  ADD PRIMARY KEY (`k`),
  ADD KEY `fk_subject` (`subject`),
  ADD KEY `user` (`user`);

--
-- Индексы таблицы `users_eit`
--
ALTER TABLE `users_eit`
  ADD PRIMARY KEY (`k`);

--
-- AUTO_INCREMENT для сохранённых таблиц
--

--
-- AUTO_INCREMENT для таблицы `lessons`
--
ALTER TABLE `lessons`
  MODIFY `k` int(11) NOT NULL AUTO_INCREMENT, AUTO_INCREMENT=612;

--
-- AUTO_INCREMENT для таблицы `subject`
--
ALTER TABLE `subject`
  MODIFY `k` int(11) NOT NULL AUTO_INCREMENT, AUTO_INCREMENT=21;

--
-- AUTO_INCREMENT для таблицы `theme`
--
ALTER TABLE `theme`
  MODIFY `k` int(11) NOT NULL AUTO_INCREMENT, AUTO_INCREMENT=141;

--
-- AUTO_INCREMENT для таблицы `users_eit`
--
ALTER TABLE `users_eit`
  MODIFY `k` int(11) UNSIGNED NOT NULL AUTO_INCREMENT, AUTO_INCREMENT=6;
COMMIT;

/*!40101 SET CHARACTER_SET_CLIENT=@OLD_CHARACTER_SET_CLIENT */;
/*!40101 SET CHARACTER_SET_RESULTS=@OLD_CHARACTER_SET_RESULTS */;
/*!40101 SET COLLATION_CONNECTION=@OLD_COLLATION_CONNECTION */;
